{
  "serie_completa": {
    "LC": [
      [
        2010,
        0.6415
      ],
      [
        2011,
        0.6024
      ],
      [
        2012,
        0.8169
      ],
      [
        2013,
        0.7456
      ],
      [
        2014,
        0.8965
      ],
      [
        2015,
        0.848
      ],
      [
        2016,
        1.1875
      ],
      [
        2017,
        0.734
      ],
      [
        2018,
        1.1665944000000001
      ],
      [
        2019,
        0.7513
      ],
      [
        2020,
        0.9377
      ],
      [
        2021,
        0.9415
      ],
      [
        2022,
        0.7644
      ],
      [
        2023,
        0.6794
      ],
      [
        2024,
        0.696
      ],
      [
        2025,
        0.740588
      ]
    ],
    "CH": [
      [
        2010,
        1.2099
      ],
      [
        2011,
        0.4073
      ],
      [
        2012,
        1.1544
      ],
      [
        2013,
        1.341
      ],
      [
        2014,
        1.2015
      ],
      [
        2015,
        1.2335
      ],
      [
        2016,
        1.2582
      ],
      [
        2017,
        1.1956
      ],
      [
        2018,
        1.4938888888888888
      ],
      [
        2019,
        0.9621
      ],
      [
        2020,
        1.1115
      ],
      [
        2021,
        1.1008
      ],
      [
        2022,
        0.9349
      ],
      [
        2023,
        0.6624
      ],
      [
        2024,
        0.7518
      ],
      [
        2025,
        1.0702106666666666
      ]
    ],
    "CN": [
      [
        2010,
        1.0801
      ],
      [
        2011,
        1.1484
      ],
      [
        2012,
        1.1958
      ],
      [
        2013,
        1.6484
      ],
      [
        2014,
        1.4431
      ],
      [
        2015,
        1.4816
      ],
      [
        2016,
        1.4822
      ],
      [
        2017,
        1.6012
      ],
      [
        2018,
        1.4892468888888888
      ],
      [
        2019,
        1.3422
      ],
      [
        2020,
        1.2414
      ],
      [
        2021,
        1.4434
      ],
      [
        2022,
        1.414
      ],
      [
        2023,
        1.4036
      ],
      [
        2024,
        1.2736
      ],
      [
        2025,
        1.1856288095238097
      ]
    ],
    "MT": [
      [
        2010,
        1.7319
      ],
      [
        2011,
        1.5658
      ],
      [
        2012,
        1.388
      ],
      [
        2013,
        1.7747
      ],
      [
        2014,
        1.9041
      ],
      [
        2015,
        2.1897
      ],
      [
        2016,
        2.0148
      ],
      [
        2017,
        2.2083
      ],
      [
        2018,
        2.370314545454545
      ],
      [
        2019,
        1.9545
      ],
      [
        2020,
        1.8361
      ],
      [
        2021,
        1.8796
      ],
      [
        2022,
        2.0253
      ],
      [
        2023,
        1.7162
      ],
      [
        2024,
        1.8058
      ],
      [
        2025,
        1.7432062790697673
      ]
    ]
  },
  "previsao_2026": {
    "LC": {
      "slope": 0.001834285882352942,
      "intercept": -2.8788041176470607,
      "y_pred": 0.8374590799999999,
      "ic_low": 0.41266261057701076,
      "ic_high": 1.262255549422989,
      "r2": 0.002649328390830874,
      "n": 16,
      "dof": 14,
      "se_pred": 0.19804031208530962,
      "tcrit": 2.145
    },
    "CH": {
      "slope": -0.012630369281045753,
      "intercept": 26.54983249673203,
      "y_pred": 0.9607043333333323,
      "ic_low": 0.2942913866922964,
      "ic_high": 1.6271172799743683,
      "r2": 0.048683941570406564,
      "n": 16,
      "dof": 14,
      "se_pred": 0.31068202640607734,
      "tcrit": 2.145
    },
    "CN": {
      "slope": 0.002435116223155927,
      "intercept": -3.545729749066289,
      "y_pred": 1.387815719047619,
      "ic_low": 0.9753759761898281,
      "ic_high": 1.8002554619054099,
      "r2": 0.004941769998644152,
      "n": 16,
      "dof": 14,
      "se_pred": 0.19227960039990255,
      "tcrit": 2.145
    },
    "MT": {
      "slope": 0.010583542252207439,
      "intercept": -19.47052644229574,
      "y_pred": 1.9717301606765325,
      "ic_low": 1.3651238997985053,
      "ic_high": 2.5783364215545594,
      "r2": 0.04156489526895901,
      "n": 16,
      "dof": 14,
      "se_pred": 0.2828001216214579,
      "tcrit": 2.145
    }
  },
  "serie2025_detalhe": {
    "LC": {
      "n": 50,
      "b_medio": 0.740588,
      "b_mediana": 0.7367049999999999,
      "b_dp": 0.5084139485192943,
      "a_medio": 2.4412952
    },
    "CH": {
      "n": 45,
      "b_medio": 1.0702106666666666,
      "b_mediana": 0.98037,
      "b_dp": 0.6945093220246155,
      "a_medio": 2.2767897777777786
    },
    "CN": {
      "n": 42,
      "b_medio": 1.1856288095238097,
      "b_mediana": 1.13283,
      "b_dp": 0.7436304876200682,
      "a_medio": 2.384646428571428
    },
    "MT": {
      "n": 43,
      "b_medio": 1.7432062790697673,
      "b_mediana": 1.82953,
      "b_dp": 0.9293947521551024,
      "a_medio": 1.9630695348837213
    }
  },
  "serie2018_detalhe": {
    "CN": 1.4892468888888888,
    "CH": 1.4938888888888888,
    "LC": 1.1665944000000001,
    "MT": 2.370314545454545
  }
}